{
  "Total" : {
    "transaction" : "Total",
    "sampleCount" : 120,
    "errorCount" : 1,
    "errorPct" : 0.8333333,
    "meanResTime" : 955.7666666666668,
    "medianResTime" : 768.5,
    "minResTime" : 354.0,
    "maxResTime" : 3118.0,
    "pct1ResTime" : 1458.5,
    "pct2ResTime" : 1566.8999999999996,
    "pct3ResTime" : 3031.479999999997,
    "throughput" : 0.20147141288544,
    "receivedKBytesPerSec" : 0.3960680728881598,
    "sentKBytesPerSec" : 0.34529524376362025
  },
  "Org_api_Retrieve" : {
    "transaction" : "Org_api_Retrieve",
    "sampleCount" : 120,
    "errorCount" : 1,
    "errorPct" : 0.8333333,
    "meanResTime" : 955.7666666666668,
    "medianResTime" : 768.5,
    "minResTime" : 354.0,
    "maxResTime" : 3118.0,
    "pct1ResTime" : 1458.5,
    "pct2ResTime" : 1566.8999999999996,
    "pct3ResTime" : 3031.479999999997,
    "throughput" : 0.20147141288544,
    "receivedKBytesPerSec" : 0.3960680728881598,
    "sentKBytesPerSec" : 0.34529524376362025
  }
}