{
  "Total" : {
    "transaction" : "Total",
    "sampleCount" : 6,
    "errorCount" : 0,
    "errorPct" : 0.0,
    "meanResTime" : 1795.1666666666665,
    "medianResTime" : 1179.0,
    "minResTime" : 631.0,
    "maxResTime" : 5259.0,
    "pct1ResTime" : 5259.0,
    "pct2ResTime" : 5259.0,
    "pct3ResTime" : 5259.0,
    "throughput" : 0.11785966842146618,
    "receivedKBytesPerSec" : 0.1415697189046908,
    "sentKBytesPerSec" : 0.33516343207354443
  },
  "Org_api_creation" : {
    "transaction" : "Org_api_creation",
    "sampleCount" : 6,
    "errorCount" : 0,
    "errorPct" : 0.0,
    "meanResTime" : 1795.1666666666665,
    "medianResTime" : 1179.0,
    "minResTime" : 631.0,
    "maxResTime" : 5259.0,
    "pct1ResTime" : 5259.0,
    "pct2ResTime" : 5259.0,
    "pct3ResTime" : 5259.0,
    "throughput" : 0.11785966842146618,
    "receivedKBytesPerSec" : 0.1415697189046908,
    "sentKBytesPerSec" : 0.33516343207354443
  }
}