{
  "Total" : {
    "transaction" : "Total",
    "sampleCount" : 60,
    "errorCount" : 4,
    "errorPct" : 6.6666665,
    "meanResTime" : 7935.549999999999,
    "medianResTime" : 1164.5,
    "minResTime" : 341.0,
    "maxResTime" : 61233.0,
    "pct1ResTime" : 44781.999999999985,
    "pct2ResTime" : 61065.149999999994,
    "pct3ResTime" : 61233.0,
    "throughput" : 0.10148643802899805,
    "receivedKBytesPerSec" : 0.19503103370702896,
    "sentKBytesPerSec" : 0.17433070751270272
  },
  "Org_api_Retrieve" : {
    "transaction" : "Org_api_Retrieve",
    "sampleCount" : 60,
    "errorCount" : 4,
    "errorPct" : 6.6666665,
    "meanResTime" : 7935.549999999999,
    "medianResTime" : 1164.5,
    "minResTime" : 341.0,
    "maxResTime" : 61233.0,
    "pct1ResTime" : 44781.999999999985,
    "pct2ResTime" : 61065.149999999994,
    "pct3ResTime" : 61233.0,
    "throughput" : 0.10148643802899805,
    "receivedKBytesPerSec" : 0.19503103370702896,
    "sentKBytesPerSec" : 0.17433070751270272
  }
}