{
  "Total" : {
    "transaction" : "Total",
    "sampleCount" : 90,
    "errorCount" : 0,
    "errorPct" : 0.0,
    "meanResTime" : 1246.0999999999997,
    "medianResTime" : 1143.0,
    "minResTime" : 322.0,
    "maxResTime" : 4266.0,
    "pct1ResTime" : 1433.7000000000005,
    "pct2ResTime" : 3164.5500000000006,
    "pct3ResTime" : 4266.0,
    "throughput" : 0.05024805791256168,
    "receivedKBytesPerSec" : 0.09897493438441105,
    "sentKBytesPerSec" : 0.08631477916816015
  },
  "Org_api_Retrieve" : {
    "transaction" : "Org_api_Retrieve",
    "sampleCount" : 90,
    "errorCount" : 0,
    "errorPct" : 0.0,
    "meanResTime" : 1246.0999999999997,
    "medianResTime" : 1143.0,
    "minResTime" : 322.0,
    "maxResTime" : 4266.0,
    "pct1ResTime" : 1433.7000000000005,
    "pct2ResTime" : 3164.5500000000006,
    "pct3ResTime" : 4266.0,
    "throughput" : 0.05024805791256168,
    "receivedKBytesPerSec" : 0.09897493438441105,
    "sentKBytesPerSec" : 0.08631477916816015
  }
}